INSERT INTO STUDENT (UID_PK, FIRST_NAME, MIDDLE_NAME, LAST_NAME, DATE_OF_BIRTH, STUDENT_ID, USER_NAME, EMAIL_ADDRESS, PHONE_NUMBER) VALUES ( 10000, 'John', 'George', 'Denver', '1980-02-02', '834567', 'denver.john', 'denver.john@study.edu', '5123456789' );
INSERT INTO STUDENT (UID_PK, FIRST_NAME, MIDDLE_NAME, LAST_NAME, DATE_OF_BIRTH, STUDENT_ID, USER_NAME, EMAIL_ADDRESS, PHONE_NUMBER) VALUES ( 10001, 'Joe', 'Han', 'Williams', '1989-11-12', '456723', 'williams.joe', 'williams.joe@study.edu', '5163479045' );
INSERT INTO STUDENT (UID_PK, FIRST_NAME, MIDDLE_NAME, LAST_NAME, DATE_OF_BIRTH, STUDENT_ID, USER_NAME, EMAIL_ADDRESS, PHONE_NUMBER) VALUES ( 10002, 'Brat', 'Mathew', 'Thomas', '1993-12-02', '562491', 'thomas.brat', 'thomas.brat@study.edu', '4189435632' );
INSERT INTO STUDENT (UID_PK, FIRST_NAME, MIDDLE_NAME, LAST_NAME, DATE_OF_BIRTH, STUDENT_ID, USER_NAME, EMAIL_ADDRESS, PHONE_NUMBER) VALUES ( 10003, 'Jenny', '', 'mayor', '1992-02-29', '890387', 'mayor.jenny', 'mayor.jenny@study.edu', '5390823478' );

INSERT INTO ADDRESS (UID_PK, ADDRESS_LINE_ONE, ADDRESS_LINE_TWO, CITY, STATE, COUNTRY, POSTAL_CODE, STUDENT_UID_PK) VALUES ( 10000, '2568  Nelson Street', '', 'Wabigoon', 'Ontario', 'Canada', 'P0V 2W0', '10000' );
INSERT INTO ADDRESS (UID_PK, ADDRESS_LINE_ONE, ADDRESS_LINE_TWO, CITY, STATE, COUNTRY, POSTAL_CODE, STUDENT_UID_PK) VALUES ( 10001, '1481  rue Levy', '', 'Montreal', 'Quebec', 'Canada', 'H3C 5K4', '10002' );

INSERT INTO SUBJECT (UID_PK, NAME, DESCRIPTION, CODE) VALUES ( 10000, 'Introduction to Computer Science', 'Teaches the introductory material in  computer science', 'CS101');
INSERT INTO SUBJECT (UID_PK, NAME, DESCRIPTION, CODE) VALUES ( 10001, 'Database Design', 'Basic of Database management', 'CS230');
INSERT INTO SUBJECT (UID_PK, NAME, DESCRIPTION, CODE) VALUES ( 10002, 'Algorithm Design', 'Basic techniques in algorithm design', 'CS341');
INSERT INTO SUBJECT (UID_PK, NAME, DESCRIPTION, CODE) VALUES ( 10003, 'Software Architecture', 'Software design principles and OOP', 'CS257');

INSERT INTO BOOK (UID_PK, TITLE, AUTHOR, ISBN_NUMBER, SUBJECT_UID_PK) values ( 10000, 'Computer Science Fundamentals', 'Herschel Williams', '2567-764-7893', 10000 );
INSERT INTO BOOK (UID_PK, TITLE, AUTHOR, ISBN_NUMBER, SUBJECT_UID_PK) values ( 10001, 'Database Management System', 'Revist', '7120-009-5620', 10001 );
INSERT INTO BOOK (UID_PK, TITLE, AUTHOR, ISBN_NUMBER, SUBJECT_UID_PK) values ( 10002, 'Introduction to Algorithms', 'Cormen', '8958-345-2567', 10002 );
INSERT INTO BOOK (UID_PK, TITLE, AUTHOR, ISBN_NUMBER, SUBJECT_UID_PK) values ( 10003, 'Object Oriented Design and Software Architecture', 'Charles', '3456-276-9874', 10003 );

INSERT INTO COURSE (UID_PK, SUBJECT_UID_PK, START_DATE, END_DATE) VALUES ( 10000, 10000, '2019-09-03', '2019-12-05' );
INSERT INTO COURSE (UID_PK, SUBJECT_UID_PK, START_DATE, END_DATE) VALUES ( 10001, 10001, '2019-09-03', '2019-12-05' );
INSERT INTO COURSE (UID_PK, SUBJECT_UID_PK, START_DATE, END_DATE) VALUES ( 10002, 10002, '2019-09-03', '2019-12-05' );
INSERT INTO COURSE (UID_PK, SUBJECT_UID_PK, START_DATE, END_DATE) VALUES ( 10003, 10003, '2019-09-03', '2019-12-05' );

INSERT INTO PERIOD_SERIES (UID_PK, COURSE_UID_PK, LOCATION, DAY_OF_WEEK, START_TIME, END_TIME) VALUES ( 10000, 10000, 'FG-345', 1, '10:30', '11:30' );
INSERT INTO PERIOD_SERIES (UID_PK, COURSE_UID_PK, LOCATION, DAY_OF_WEEK, START_TIME, END_TIME) VALUES ( 10001, 10000, 'GM-378', 3, '14:30', '15:30' );
INSERT INTO PERIOD_SERIES (UID_PK, COURSE_UID_PK, LOCATION, DAY_OF_WEEK, START_TIME, END_TIME) VALUES ( 10002, 10001, 'GM-802', 2, '9:00', '10:30' );
INSERT INTO PERIOD_SERIES (UID_PK, COURSE_UID_PK, LOCATION, DAY_OF_WEEK, START_TIME, END_TIME) VALUES ( 10003, 10001, 'EV-103', 4, '17:30', '19:00' );
INSERT INTO PERIOD_SERIES (UID_PK, COURSE_UID_PK, LOCATION, DAY_OF_WEEK, START_TIME, END_TIME) VALUES ( 10004, 10002, 'GM-456', 1, '11:00', '12:30' );
INSERT INTO PERIOD_SERIES (UID_PK, COURSE_UID_PK, LOCATION, DAY_OF_WEEK, START_TIME, END_TIME) VALUES ( 10005, 10002, 'FG-783', 2, '15:00', '16:00' );
INSERT INTO PERIOD_SERIES (UID_PK, COURSE_UID_PK, LOCATION, DAY_OF_WEEK, START_TIME, END_TIME) VALUES ( 10006, 10003, 'FG-002', 5, '19:30', '21:00' );
INSERT INTO PERIOD_SERIES (UID_PK, COURSE_UID_PK, LOCATION, DAY_OF_WEEK, START_TIME, END_TIME) VALUES ( 10007, 10003, 'EV-598', 4, '18:30', '20:30' );

INSERT INTO COURSE_ENROLLMENT (UID_PK, STUDENT_UID_PK, COURSE_UID_PK) VALUES ( 10000, 10000, 10000 );
INSERT INTO COURSE_ENROLLMENT (UID_PK, STUDENT_UID_PK, COURSE_UID_PK) VALUES ( 10001, 10000, 10001 );
INSERT INTO COURSE_ENROLLMENT (UID_PK, STUDENT_UID_PK, COURSE_UID_PK) VALUES ( 10002, 10000, 10002 );
INSERT INTO COURSE_ENROLLMENT (UID_PK, STUDENT_UID_PK, COURSE_UID_PK) VALUES ( 10003, 10000, 10003 );
INSERT INTO COURSE_ENROLLMENT (UID_PK, STUDENT_UID_PK, COURSE_UID_PK) VALUES ( 10004, 10001, 10000 );
INSERT INTO COURSE_ENROLLMENT (UID_PK, STUDENT_UID_PK, COURSE_UID_PK) VALUES ( 10005, 10001, 10003 );
INSERT INTO COURSE_ENROLLMENT (UID_PK, STUDENT_UID_PK, COURSE_UID_PK) VALUES ( 10006, 10002, 10002 );
INSERT INTO COURSE_ENROLLMENT (UID_PK, STUDENT_UID_PK, COURSE_UID_PK) VALUES ( 10007, 10002, 10000 );
INSERT INTO COURSE_ENROLLMENT (UID_PK, STUDENT_UID_PK, COURSE_UID_PK) VALUES ( 10008, 10002, 10003 );
INSERT INTO COURSE_ENROLLMENT (UID_PK, STUDENT_UID_PK, COURSE_UID_PK) VALUES ( 10009, 10002, 10001 );
INSERT INTO COURSE_ENROLLMENT (UID_PK, STUDENT_UID_PK, COURSE_UID_PK) VALUES ( 100010, 10003, 10000 );
INSERT INTO COURSE_ENROLLMENT (UID_PK, STUDENT_UID_PK, COURSE_UID_PK) VALUES ( 100011, 10003, 10001 );
INSERT INTO COURSE_ENROLLMENT (UID_PK, STUDENT_UID_PK, COURSE_UID_PK) VALUES ( 100012, 10003, 10003 );
