INSERT INTO STUDENT (UID_PK, FIRST_NAME, MIDDLE_NAME, LAST_NAME, DATE_OF_BIRTH, STUDENT_ID, USER_NAME, EMAIL_ADDRESS, PHONE_NUMBER) VALUES ( 10000, 'John', 'George', 'Denver', '1980-02-02', '834567', 'denver.john', 'denver.john@study.edu', '5123456789' );
INSERT INTO STUDENT (UID_PK, FIRST_NAME, MIDDLE_NAME, LAST_NAME, DATE_OF_BIRTH, STUDENT_ID, USER_NAME, EMAIL_ADDRESS, PHONE_NUMBER) VALUES ( 10001, 'Joe', 'Han', 'Williams', '1989-11-12', '456723', 'williams.joe', 'williams.joe@study.edu', '5163479045' );
INSERT INTO STUDENT (UID_PK, FIRST_NAME, MIDDLE_NAME, LAST_NAME, DATE_OF_BIRTH, STUDENT_ID, USER_NAME, EMAIL_ADDRESS, PHONE_NUMBER) VALUES ( 10002, 'Brat', 'Mathew', 'Thomas', '1993-12-02', '562491', 'thomas.brat', 'thomas.brat@study.edu', '4189435632' );
INSERT INTO STUDENT (UID_PK, FIRST_NAME, MIDDLE_NAME, LAST_NAME, DATE_OF_BIRTH, STUDENT_ID, USER_NAME, EMAIL_ADDRESS, PHONE_NUMBER) VALUES ( 10003, 'Jenny', '', 'mayor', '1992-02-29', '890387', 'mayor.jenny', 'mayor.jenny@study.edu', '5390823478' );

INSERT INTO ADDRESS (UID_PK, ADDRESS_LINE_ONE, ADDRESS_LINE_TWO, CITY, STATE, COUNTRY, POSTAL_CODE, STUDENT_UID_PK) VALUES ( 10000, '2568  Nelson Street', '', 'Wabigoon', 'Ontario', 'Canada', 'P0V 2W0', '10000' );
INSERT INTO ADDRESS (UID_PK, ADDRESS_LINE_ONE, ADDRESS_LINE_TWO, CITY, STATE, COUNTRY, POSTAL_CODE, STUDENT_UID_PK) VALUES ( 10001, '1481  rue Levy', '', 'Montreal', 'Quebec', 'Canada', 'H3C 5K4', '10002' );

INSERT INTO TEACHER (UID_PK, FIRST_NAME, MIDDLE_NAME, LAST_NAME, TEACHER_ID, EMAIL_ADDRESS, PHONE_NUMBER, OFFICE_LOCATION) values ( 10000, 'Jhonny', 'Gine', 'Gabrieal', 10000, 'jhonny.gine@study.edu', '5193678930', 'EV-234');
INSERT INTO TEACHER (UID_PK, FIRST_NAME, MIDDLE_NAME, LAST_NAME, TEACHER_ID, EMAIL_ADDRESS, PHONE_NUMBER, OFFICE_LOCATION) values ( 10001, 'Aimen', '', 'Hanna', 10001, 'aimen.hanna@study.edu', '4789827824', 'EV-56');
INSERT INTO TEACHER (UID_PK, FIRST_NAME, MIDDLE_NAME, LAST_NAME, TEACHER_ID, EMAIL_ADDRESS, PHONE_NUMBER, OFFICE_LOCATION) values ( 10002, 'Joey', '', 'Paquet', 10002, 'joey.paquet@study.edu', '5873787345', 'EV-705');
INSERT INTO TEACHER (UID_PK, FIRST_NAME, MIDDLE_NAME, LAST_NAME, TEACHER_ID, EMAIL_ADDRESS, PHONE_NUMBER, OFFICE_LOCATION) values ( 10003, 'Harvey', '', 'Specter', 10003, 'harvey.specter@study.edu', '5892405679', 'EV-357');

INSERT INTO STUDENT_COURSE_IDENTIFIERS (STUDENT_UID_PK, COURSE_ID) values (10000, 10000);
INSERT INTO STUDENT_COURSE_IDENTIFIERS (STUDENT_UID_PK, COURSE_ID) values (10000, 10002);
INSERT INTO STUDENT_COURSE_IDENTIFIERS (STUDENT_UID_PK, COURSE_ID) values (10000, 10004);
INSERT INTO STUDENT_COURSE_IDENTIFIERS (STUDENT_UID_PK, COURSE_ID) values (10001, 10000);
INSERT INTO STUDENT_COURSE_IDENTIFIERS (STUDENT_UID_PK, COURSE_ID) values (10003, 10000);
INSERT INTO STUDENT_COURSE_IDENTIFIERS (STUDENT_UID_PK, COURSE_ID) values (10001, 10004);
INSERT INTO STUDENT_COURSE_IDENTIFIERS (STUDENT_UID_PK, COURSE_ID) values (10001, 10002);
INSERT INTO STUDENT_COURSE_IDENTIFIERS (STUDENT_UID_PK, COURSE_ID) values (10003, 10002);

INSERT INTO TEACHER_COURSE_IDENTIFIERS (TEACHER_UID_PK, COURSE_ID) values (10000, 10002);
INSERT INTO TEACHER_COURSE_IDENTIFIERS (TEACHER_UID_PK, COURSE_ID) values (10001, 10003);
INSERT INTO TEACHER_COURSE_IDENTIFIERS (TEACHER_UID_PK, COURSE_ID) values (10000, 10001);
INSERT INTO TEACHER_COURSE_IDENTIFIERS (TEACHER_UID_PK, COURSE_ID) values (10000, 10002);
INSERT INTO TEACHER_COURSE_IDENTIFIERS (TEACHER_UID_PK, COURSE_ID) values (10003, 10004);
INSERT INTO TEACHER_COURSE_IDENTIFIERS (TEACHER_UID_PK, COURSE_ID) values (10003, 10005);
INSERT INTO TEACHER_COURSE_IDENTIFIERS (TEACHER_UID_PK, COURSE_ID) values (10000, 10000);
INSERT INTO TEACHER_COURSE_IDENTIFIERS (TEACHER_UID_PK, COURSE_ID) values (10000, 10006);